id,firstName,middleName,lastName,email,age
EMP001,Meena,Singh,Bharadwaj,meena.bharadwaj1@example.com,55
EMP002,Karan,Singh,Singh,karan.singh2@example.com,43
EMP003,Rahul,Prasad,Singh,rahul.singh3@example.com,59
EMP004,Nishant,Singh,Bharadwaj,nishant.bharadwaj4@example.com,50
EMP005,Ankit,Kumar,Singh,ankit.singh5@example.com,34
EMP006,Arjun,Dev,Gupta,arjun.gupta6@example.com,190
EMP007,Nishant,Kumar,Mehta,nishant.mehta7@example.com,43
EMP008,Kavita,Dev,Agarwal,kavita.agarwal8@example.com,24
EMP009,Ritu,Dev,Bharadwaj,ritu.bharadwaj9@example.com,21
EMP010,Rahul,Kumar,Verma,rahul.verma10@example.com,26
EMP011,Neha,Prasad,Sharma,neha.sharma11@example.com,38
EMP012,Nishant,Kumar,Verma,nishant.verma12@example.com,26
EMP013,Sneha,Raj,Gupta,sneha.gupta13@example.com,21
EMP014,Rahul,Kumar,Verma,rahul.verma14@example.com,50
EMP015,Amit,Sharma,Agarwal,amit.agarwal15@example.com,27
EMP016,Rohit,Kumar,Jain,rohit.jain16@example.com,22
EMP017,Manish,Dev,Mishra,manish.mishra17@example.com,59
EMP018,Deepak,Kumar,Gupta,deepak.gupta18@example.com,60
EMP019,Deepak,Verma,Agarwal,deepak.agarwal19@example.com,18
EMP020,Priya,Prasad,Bharadwaj,priya.bharadwaj20@example.com,47
EMP021,Ritu,Prasad,Mishra,ritu.mishra21@example.com,20
EMP022,Vikas,Sharma,Mehta,vikas.mehta22@example.com,55
EMP023,Nishant,Prasad,Mehta,nishant.mehta23@example.com,56
EMP024,Kavita,Dev,Agarwal,kavita.agarwal24@example.com,24
EMP025,Rohit,Dev,Jain,rohit.jain25@example.com,31
EMP026,Vikas,Kumar,Bharadwaj,vikas.bharadwaj26@example.com,58
EMP027,Ankit,Raj,Singh,ankit.singh27@example.com,31
EMP028,Sneha,Verma,Gupta,sneha.gupta28@example.com,45
EMP029,Anjali,Sharma,Jain,anjali.jain29@example.com,22
EMP030,Manish,Kumar,Mishra,manish.mishra30@example.com,60
EMP031,Neha,Kumar,Mishra,neha.mishra31@example.com,42
EMP032,Nishant,Kumar,Agarwal,nishant.agarwal32@example.com,30
EMP033,Ritu,Verma,Sharma,ritu.sharma33@example.com,47
EMP034,Anjali,Raj,Bharadwaj,anjali.bharadwaj34@example.com,42
EMP035,Rahul,Dev,Sharma,rahul.sharma35@example.com,54
EMP036,Vikas,Kumar,Bharadwaj,vikas.bharadwaj36@example.com,44
EMP037,Sneha,Singh,Verma,sneha.verma37@example.com,24
EMP038,Swati,Dev,Yadav,swati.yadav38@example.com,59
EMP039,Rohit,Dev,Bharadwaj,rohit.bharadwaj39@example.com,18
EMP040,Ritu,Raj,Mehta,ritu.mehta40@example.com,44
EMP041,Nishant,Raj,Agarwal,nishant.agarwal41@example.com,18
EMP042,Deepak,Kumar,Yadav,deepak.yadav42@example.com,30
EMP043,Manish,Singh,Verma,manish.verma43@example.com,46
EMP044,Ritu,Kumar,Singh,ritu.singh44@example.com,47
EMP045,Karan,Kumar,Singh,karan.singh45@example.com,60
EMP046,Anjali,Dev,Mehta,anjali.mehta46@example.com,42
EMP047,Saurabh,Kumar,Bharadwaj,saurabh.bharadwaj47@example.com,35
EMP048,Deepak,Kumar,Mishra,deepak.mishra48@example.com,49
EMP049,Kavita,Verma,Verma,kavita.verma49@example.com,23
EMP050,Deepak,Sharma,Bharadwaj,deepak.bharadwaj50@example.com,51
EMP051,Arjun,Kumar,Yadav,arjun.yadav51@example.com,46
EMP052,Nishant,Prasad,Verma,nishant.verma52@example.com,58
EMP053,Kavita,Raj,Agarwal,kavita.agarwal53@example.com,60
EMP054,Sneha,Kumar,Singh,sneha.singh54@example.com,47
EMP055,Ritu,Dev,Verma,ritu.verma55@example.com,48
EMP056,Neha,Kumar,Verma,neha.verma56@example.com,35
EMP057,Swati,Kumar,Agarwal,swati.agarwal57@example.com,51
EMP058,Priya,Kumar,Verma,priya.verma58@example.com,34
EMP059,Kavita,Kumar,Mehta,kavita.mehta59@example.com,46
EMP060,Anjali,Verma,Gupta,anjali.gupta60@example.com,57
EMP061,Vikas,Dev,Bharadwaj,vikas.bharadwaj61@example.com,51
EMP062,Rahul,Dev,Agarwal,rahul.agarwal62@example.com,26
EMP063,Rohit,Kumar,Verma,rohit.verma63@example.com,42
EMP064,Swati,Kumar,Gupta,swati.gupta64@example.com,21
EMP065,Swati,Singh,Sharma,swati.sharma65@example.com,24
EMP066,Swati,Kumar,Yadav,swati.yadav66@example.com,18
EMP067,Karan,Singh,Agarwal,karan.agarwal67@example.com,52
EMP068,Vikas,Kumar,Jain,vikas.jain68@example.com,41
EMP069,Anjali,Prasad,Verma,anjali.verma69@example.com,20
EMP070,Karan,Kumar,Jain,karan.jain70@example.com,50
EMP071,Anjali,Dev,Gupta,anjali.gupta71@example.com,55
EMP072,Amit,Raj,Mehta,amit.mehta72@example.com,28
EMP073,Amit,Singh,Agarwal,amit.agarwal73@example.com,42
EMP074,Pooja,Dev,Gupta,pooja.gupta74@example.com,39
EMP075,Kavita,Kumar,Mishra,kavita.mishra75@example.com,20
EMP076,Nishant,Raj,Sharma,nishant.sharma76@example.com,44
EMP077,Nishant,Kumar,Mehta,nishant.mehta77@example.com,22
EMP078,Nishant,Prasad,Jain,nishant.jain78@example.com,32
EMP079,Manish,Raj,Yadav,manish.yadav79@example.com,89
EMP080,Meena,Singh,Mishra,meena.mishra80@example.com,24
EMP081,Rohit,Kumar,Mehta,rohit.mehta81@example.com,22
EMP082,Manish,Kumar,Sharma,manish.sharma82@example.com,22
EMP083,Swati,Kumar,Verma,swati.verma83@example.com,59
EMP084,Deepak,Kumar,Singh,deepak.singh84@example.com,30
EMP085,Neha,Raj,Singh,neha.singh85@example.com,28
EMP086,Amit,Dev,Singh,amit.singh86@example.com,50
EMP087,Deepak,Kumar,Bharadwaj,deepak.bharadwaj87@example.com,44
EMP088,Nishant,Verma,Yadav,nishant.yadav88@example.com,56
EMP089,Rohit,Dev,Gupta,rohit.gupta89@example.com,56
EMP090,Swati,Singh,Gupta,swati.gupta90@example.com,30
EMP091,Deepak,Raj,Jain,deepak.jain91@example.com,58
EMP092,Neha,Verma,Gupta,neha.gupta92@example.com,58
EMP093,Pooja,Kumar,Mehta,pooja.mehta93@example.com,31
EMP094,Neha,Dev,Bharadwaj,neha.bharadwaj94@example.com,38
EMP095,Ritu,Sharma,Jain,ritu.jain95@example.com,191
EMP096,Priya,Dev,Mishra,priya.mishra96@example.com,52
EMP097,Vikas,Kumar,Agarwal,vikas.agarwal97@example.com,45
EMP098,Vikas,Dev,Jain,vikas.jain98@example.com,41
EMP099,Nishant,Kumar,Gupta,nishant.gupta99@example.com,60
EMP100,Priya,Singh,Gupta,priya.gupta100@example.com,42
